2018.3701,31/03/2022,VVG,59.50,A04,Z01,55037.50
2018.3701,31/03/2022,RRS,0.50,A05,Z01,462.50
2018.3828,31/03/2022,RRC,2.50,A05,Z01,2312.50
2018.3828,31/03/2022,RRS,2.00,A05,Z01,1850.00
2019.4025,31/03/2022,VVG,17.00,A04,Z01,15725.00
2019.4082,31/03/2022,MKT,8.50,A04,Z01,7862.50
2019.4127,31/03/2022,STJ,6.00,A02,Z01,5550.00
2019.4128,31/03/2022,HAP,158.00,W03,K01,77420.00
2019.4128,31/03/2022,GAN,38.00,W02,K01,18620.00
2019.4128,31/03/2022,HMM,25.50,W02,K01,12495.00
2019.4128,31/03/2022,HMC,25.50,W02,K01,12495.00
2019.4128,31/03/2022,RRP,8.50,W02,K01,4165.00
2019.4138,31/03/2022,RRS,0.50,A05,Z01,462.50
2019.4163,31/03/2022,RRS,7.00,A05,Z01,6475.00
2020.4268,31/03/2022,MKT,165.50,A04,Z01,153087.50
2020.4268,31/03/2022,NDP,4.00,W03,M01,1960.00
2020.4300,31/03/2022,NKM,6.00,W03,D01,2940.00
2020.4300,31/03/2022,SAS,3.50,W02,D01,1715.00
2020.4300,31/03/2022,MBT,2.00,W02,D01,980.00
2020.4300,31/03/2022,JDC,2.00,W02,D01,980.00
2020.4300,31/03/2022,BGM,5.50,A01,Z01,5087.50
2020.4300,31/03/2022,RRC,4.00,A05,Z01,3700.00
2020.4300,31/03/2022,APD,44.50,A01,Z01,41162.50
2020.4373,31/03/2022,APD,5.50,A01,Z01,5087.50
2020.4395,31/03/2022,MJG,34.00,A04,Z01,31450.00
2020.4395,31/03/2022,RRS,3.50,A05,Z01,3237.50
2021.4410,31/03/2022,MJG,102.00,A04,Z01,94350.00
2021.4410,31/03/2022,RRS,2.50,A05,Z01,2312.50
2021.4450,31/03/2022,MKU,17.00,W01,D01,8330.00
2021.4450,31/03/2022,JPW,29.50,W02,D01,14455.00
2021.4450,31/03/2022,HAC,10.50,W02,D01,5145.00
2021.4450,31/03/2022,JSC,17.00,W02,D01,8330.00
2021.4450,31/03/2022,DRV,27.00,W02,D01,13230.00
2021.4450,31/03/2022,VGR,29.50,W02,D01,14455.00
2021.4450,31/03/2022,RSS,17.00,W02,D01,8330.00
2021.4450,31/03/2022,MBR,8.50,W02,D01,4165.00
2021.4450,31/03/2022,NJP,46.50,W02,D01,22785.00
2021.4450,31/03/2022,HMC,18.00,W02,D01,8820.00
2021.4450,31/03/2022,RRP,10.50,W02,D01,5145.00
2021.4450,31/03/2022,SLP,6.50,W02,D01,3185.00
2021.4450,31/03/2022,ABP,50.00,W02,D01,24500.00
2021.4450,31/03/2022,APD,38.50,A01,Z01,35612.50
2021.4464,31/03/2022,SJR,15.50,W03,D01,7595.00
2021.4467,31/03/2022,SJR,11.00,W03,D01,5390.00
2021.4473,31/03/2022,SJR,16.00,W03,D02,7840.00
2021.4489,31/03/2022,RSP,2.00,A01,Z01,1850.00
2021.4497,31/03/2022,PRB,52.00,W02,D01,25480.00
2021.4497,31/03/2022,NPB,3.50,W03,D01,1715.00
2021.4497,31/03/2022,VGR,8.50,W02,D01,4165.00
2021.4497,31/03/2022,MBR,28.50,W02,D01,13965.00
2021.4497,31/03/2022,GBM,39.50,W02,D01,19355.00
2021.4497,31/03/2022,HMM,52.50,W02,D01,25725.00
2021.4497,31/03/2022,NJP,10.00,W02,D01,4900.00
2021.4506,31/03/2022,ASV,64.00,A04,Z01,59200.00
2021.4506,31/03/2022,RSP,16.00,A01,Z01,14800.00
2021.4514,31/03/2022,NKM,56.50,W03,D01,27685.00
2021.4518,31/03/2022,JIP,22.50,W02,D01,11025.00
2021.4518,31/03/2022,NPB,10.00,W03,D01,4900.00
2021.4518,31/03/2022,HAP,1.00,W03,C05,490.00
2021.4518,31/03/2022,SAS,8.50,W02,C05,4165.00
2021.4518,31/03/2022,DIP,16.00,W02,C05,7840.00
2021.4518,31/03/2022,MBT,17.00,W02,C05,8330.00
2021.4518,31/03/2022,JDC,17.00,W02,C05,8330.00
2021.4518,31/03/2022,ACM,4.00,W01,C05,1960.00
2021.4518,31/03/2022,MBR,19.00,W02,C05,9310.00
2021.4518,31/03/2022,GBM,20.50,W02,C05,10045.00
2021.4518,31/03/2022,HAP,1.00,W03,E04,490.00
2021.4518,31/03/2022,JIP,8.50,W02,E04,4165.00
2021.4518,31/03/2022,NPB,7.00,W03,E04,3430.00
2021.4518,31/03/2022,KRP,5.00,W03,E04,2450.00
2021.4518,31/03/2022,HMC,20.50,W02,E04,10045.00
2021.4518,31/03/2022,DUD,8.50,W01,F04,4165.00
2021.4518,31/03/2022,BBJ,17.00,W02,F04,8330.00
2021.4518,31/03/2022,NPB,12.00,W03,F04,5880.00
2021.4518,31/03/2022,ACM,9.50,W01,F04,4655.00
2021.4518,31/03/2022,MBR,22.00,W02,J01,10780.00
2021.4518,31/03/2022,GBM,19.00,W02,J01,9310.00
2021.4518,31/03/2022,RRC,1.00,A05,Z01,925.00
2021.4518,31/03/2022,HMP,2.00,A05,Z01,1850.00
2021.4518,31/03/2022,PKM,3.00,A05,Z01,2775.00
2021.4520,31/03/2022,MKU,17.00,W01,J01,8330.00
2021.4520,31/03/2022,JSC,17.00,W02,J01,8330.00
2021.4520,31/03/2022,NSM,10.50,W02,J01,5145.00
2021.4522,31/03/2022,ASV,25.50,A04,Z01,23587.50
2021.4540,31/03/2022,MKU,34.00,W01,D01,16660.00
2021.4540,31/03/2022,SFP,27.50,W01,D01,13475.00
2021.4540,31/03/2022,TNS,36.00,W02,D01,17640.00
2021.4540,31/03/2022,BHS,8.50,W02,D01,4165.00
2021.4540,31/03/2022,MUP,118.00,W02,D01,57820.00
2021.4540,31/03/2022,JPW,8.00,W02,D01,3920.00
2021.4540,31/03/2022,GAN,72.00,W02,D01,35280.00
2021.4540,31/03/2022,MVS,24.00,W02,D01,11760.00
2021.4540,31/03/2022,NPB,18.50,W03,D01,9065.00
2021.4540,31/03/2022,BDC,8.50,W02,D01,4165.00
2021.4540,31/03/2022,NSM,8.50,W02,D01,4165.00
2021.4540,31/03/2022,DGP,8.50,W02,D01,4165.00
2021.4540,31/03/2022,IRG,35.00,W02,D01,17150.00
2021.4540,31/03/2022,NDP,2.50,W03,C02,1225.00
2021.4540,31/03/2022,DIP,3.00,W02,C02,1470.00
2021.4540,31/03/2022,MBT,5.00,W02,C02,2450.00
2021.4540,31/03/2022,NPB,5.00,W03,C02,2450.00
2021.4540,31/03/2022,NDP,9.00,W03,C01,4410.00
2021.4540,31/03/2022,HAP,1.00,W03,C01,490.00
2021.4540,31/03/2022,NKM,2.50,W03,C01,1225.00
2021.4540,31/03/2022,SAC,32.50,W02,C01,15925.00
2021.4540,31/03/2022,SAS,10.50,W02,C01,5145.00
2021.4540,31/03/2022,DIP,30.00,W02,C01,14700.00
2021.4540,31/03/2022,JNV,17.00,W02,C01,8330.00
2021.4540,31/03/2022,MBT,20.00,W02,C01,9800.00
2021.4540,31/03/2022,JDC,11.50,W02,C01,5635.00
2021.4540,31/03/2022,NPB,5.00,W03,C01,2450.00
2021.4540,31/03/2022,ACM,4.50,W01,C01,2205.00
2021.4540,31/03/2022,GSR,32.50,W02,C01,15925.00
2021.4540,31/03/2022,ABP,19.00,W02,C01,9310.00
2021.4540,31/03/2022,ACM,1.00,W01,F01,490.00
2021.4540,31/03/2022,NDP,9.00,W03,E01,4410.00
2021.4540,31/03/2022,NPB,5.00,W03,E01,2450.00
2021.4540,31/03/2022,CAP,9.50,W02,E01,4655.00
2021.4540,31/03/2022,KSM,27.50,W02,E01,13475.00
2021.4540,31/03/2022,JND,3.00,W03,F02,1470.00
2021.4540,31/03/2022,STJ,10.00,A02,Z01,9250.00
2021.4540,31/03/2022,HMP,1.50,A05,Z01,1387.50
2021.4540,31/03/2022,SAA,17.00,A02,Z01,15725.00
2021.4540,31/03/2022,PKM,2.00,A05,Z01,1850.00
2021.4564,31/03/2022,RRC,8.00,A05,Z01,7400.00
2021.4564,31/03/2022,RSP,1.00,A01,Z01,925.00
2021.4564,31/03/2022,APD,12.00,A01,Z01,11100.00
2021.4564,31/03/2022,AMG,2.00,A01,Z01,1850.00
2021.4564,31/03/2022,SAA,9.50,A02,Z01,8787.50
2021.4564,31/03/2022,PKM,6.00,A05,Z01,5550.00
2021.4564,31/03/2022,SSS,9.50,A01,Z01,8787.50
2021.4564,31/03/2022,KRP,6.00,W03,E01,2940.00
2021.4564,31/03/2022,SJR,8.00,W03,D01,3920.00
2021.4564,31/03/2022,ACM,6.00,W01,C05,2940.00
2021.4572,31/03/2022,ACM,2.00,W01,D02,980.00
2021.4572,31/03/2022,KRP,6.00,W03,D02,2940.00
2021.4572,31/03/2022,HAP,1.00,W03,D01,490.00
2021.4572,31/03/2022,PAP,55.00,W02,D01,26950.00
2021.4572,31/03/2022,KRP,5.00,W03,D01,2450.00
2021.4572,31/03/2022,JND,16.50,W03,D01,8085.00
2021.4572,31/03/2022,NSM,29.50,W02,D01,14455.00
2021.4572,31/03/2022,SJR,30.00,W03,D01,14700.00
2021.4572,31/03/2022,NKM,3.50,W03,C06,1715.00
2021.4572,31/03/2022,DIP,0.50,W02,C06,245.00
2021.4572,31/03/2022,MBT,2.50,W02,C06,1225.00
2021.4572,31/03/2022,JDC,2.50,W02,C06,1225.00
2021.4572,31/03/2022,NKM,3.50,W03,C02,1715.00
2021.4572,31/03/2022,DIP,1.00,W02,C02,490.00
2021.4572,31/03/2022,MBT,3.50,W02,C02,1715.00
2021.4572,31/03/2022,JDC,3.50,W02,C02,1715.00
2021.4572,31/03/2022,NKM,3.50,W03,C01,1715.00
2021.4572,31/03/2022,DIP,1.00,W02,C01,490.00
2021.4572,31/03/2022,MBT,2.50,W02,C01,1225.00
2021.4572,31/03/2022,JDC,2.50,W02,C01,1225.00
2021.4572,31/03/2022,NKM,2.00,W03,F01,980.00
2021.4572,31/03/2022,DIP,0.50,W02,F01,245.00
2021.4572,31/03/2022,RRC,1.00,A05,Z01,925.00
2021.4572,31/03/2022,KPB,8.50,A01,Z01,7862.50
2021.4572,31/03/2022,SSS,8.00,A01,Z01,7400.00
2021.4572,31/03/2022,RRS,1.50,A05,Z01,1387.50
2021.4572,31/03/2022,HDV,28.00,A05,Z01,25900.00
2021.4573,31/03/2022,SAS,3.00,W02,H01,1470.00
2021.4573,31/03/2022,KRP,6.00,W03,D02,2940.00
2021.4573,31/03/2022,HAP,0.50,W03,D01,245.00
2021.4573,31/03/2022,PAP,25.00,W02,D01,12250.00
2021.4573,31/03/2022,KRP,5.00,W03,D01,2450.00
2021.4573,31/03/2022,PAM,55.00,W02,D01,26950.00
2021.4573,31/03/2022,JND,17.50,W03,D01,8575.00
2021.4573,31/03/2022,NSM,19.00,W02,D01,9310.00
2021.4573,31/03/2022,SJR,20.00,W03,D01,9800.00
2021.4573,31/03/2022,NKM,3.50,W03,C06,1715.00
2021.4573,31/03/2022,DIP,5.00,W02,C06,2450.00
2021.4573,31/03/2022,MBT,8.00,W02,C06,3920.00
2021.4573,31/03/2022,JDC,2.50,W02,C06,1225.00
2021.4573,31/03/2022,NKM,3.50,W03,C02,1715.00
2021.4573,31/03/2022,DIP,1.00,W02,C02,490.00
2021.4573,31/03/2022,MBT,3.50,W02,C02,1715.00
2021.4573,31/03/2022,JDC,3.50,W02,C02,1715.00
2021.4573,31/03/2022,NKM,3.00,W03,C01,1470.00
2021.4573,31/03/2022,DIP,0.50,W02,C01,245.00
2021.4573,31/03/2022,MBT,2.50,W02,C01,1225.00
2021.4573,31/03/2022,JDC,2.50,W02,C01,1225.00
2021.4573,31/03/2022,NKM,2.00,W03,F01,980.00
2021.4573,31/03/2022,DIP,0.50,W02,F01,245.00
2021.4573,31/03/2022,RRC,5.50,A05,Z01,5087.50
2021.4573,31/03/2022,KPB,8.50,A01,Z01,7862.50
2021.4573,31/03/2022,SSS,8.00,A01,Z01,7400.00
2021.4573,31/03/2022,JPW,14.50,W02,C05,7105.00
2021.4573,31/03/2022,ARP,8.50,W02,C05,4165.00
2021.4576,31/03/2022,RRC,2.50,A05,Z01,2312.50
2021.4576,31/03/2022,PKM,5.00,A05,Z01,4625.00
2021.4577,31/03/2022,PKM,2.00,A05,Z01,1850.00
2021.4582,31/03/2022,DBG,25.00,A01,Z01,23125.00
2021.4582,31/03/2022,RSP,25.00,A01,Z01,23125.00
2021.4582,31/03/2022,AMG,25.00,A01,Z01,23125.00
2021.4582,31/03/2022,VAY,25.00,A01,Z01,23125.00
2021.4582,31/03/2022,SSS,50.00,A01,Z01,46250.00
2021.4592,31/03/2022,MUP,17.00,W02,J01,8330.00
2021.4592,31/03/2022,SLP,16.00,W02,J01,7840.00
2021.4592,31/03/2022,NSM,25.50,W02,J01,12495.00
2021.4592,31/03/2022,DBG,15.00,A01,Z01,13875.00
2021.4592,31/03/2022,PKM,1.00,A05,Z01,925.00
2021.4592,31/03/2022,HAP,1.00,W03,D01,490.00
2021.4592,31/03/2022,VGR,21.00,W02,D01,10290.00
2021.4592,31/03/2022,NJP,20.50,W02,D01,10045.00
2021.4595,31/03/2022,NDP,34.00,W03,D01,16660.00
2021.4595,31/03/2022,BIP,81.50,W01,D01,39935.00
2021.4595,31/03/2022,DUD,59.50,W01,D01,29155.00
2021.4595,31/03/2022,ASP,113.00,W02,D01,55370.00
2021.4595,31/03/2022,ALG,53.00,W02,D01,25970.00
2021.4595,31/03/2022,MEP,29.00,W02,D01,14210.00
2021.4595,31/03/2022,BBJ,78.00,W02,D01,38220.00
2021.4595,31/03/2022,HAC,25.50,W02,D01,12495.00
2021.4595,31/03/2022,SAS,5.00,W02,D01,2450.00
2021.4595,31/03/2022,DIP,1.50,W02,D01,735.00
2021.4595,31/03/2022,JDC,2.50,W02,D01,1225.00
2021.4595,31/03/2022,NPB,5.00,W03,D01,2450.00
2021.4595,31/03/2022,SRG,36.00,W02,D01,17640.00
2021.4595,31/03/2022,CAP,72.00,W02,D01,35280.00
2021.4595,31/03/2022,MBR,27.50,W02,D01,13475.00
2021.4595,31/03/2022,GBM,27.50,W02,D01,13475.00
2021.4595,31/03/2022,PJC,48.50,W02,D01,20612.50
2021.4595,31/03/2022,ABP,34.50,W02,D01,16905.00
2021.4595,31/03/2022,JBT,29.50,W02,D01,14455.00
2021.4601,31/03/2022,MKU,17.00,W01,D02,8330.00
2021.4601,31/03/2022,KAS,49.00,W02,D02,24010.00
2021.4601,31/03/2022,MVS,17.00,W02,D02,8330.00
2021.4601,31/03/2022,KRP,6.00,W03,D02,2940.00
2021.4601,31/03/2022,HMC,8.50,W02,D02,4165.00
2021.4601,31/03/2022,BDC,10.00,W02,D02,4900.00
2021.4601,31/03/2022,ARP,14.50,W02,D02,7105.00
2021.4601,31/03/2022,NDP,11.00,W03,D01,5390.00
2021.4601,31/03/2022,MKU,8.50,W01,D01,4165.00
2021.4601,31/03/2022,JBP,17.00,W01,D01,8330.00
2021.4601,31/03/2022,SFP,8.50,W01,D01,4165.00
2021.4601,31/03/2022,TNS,17.00,W02,D01,8330.00
2021.4601,31/03/2022,SAC,131.00,W02,D01,64190.00
2021.4601,31/03/2022,JSC,25.50,W02,D01,12495.00
2021.4601,31/03/2022,JNV,12.00,W02,D01,5880.00
2021.4601,31/03/2022,NPB,11.50,W03,D01,5635.00
2021.4601,31/03/2022,MBR,10.50,W02,D01,5145.00
2021.4601,31/03/2022,GSR,153.50,W02,D01,75215.00
2021.4601,31/03/2022,HMC,8.50,W02,D01,4165.00
2021.4601,31/03/2022,IRG,17.00,W02,D01,8330.00
2021.4601,31/03/2022,NDP,4.50,W03,C05,2205.00
2021.4601,31/03/2022,JPW,59.50,W02,C05,29155.00
2021.4601,31/03/2022,DIP,1.50,W02,C05,735.00
2021.4601,31/03/2022,MBT,10.50,W02,C05,5145.00
2021.4601,31/03/2022,JDC,10.00,W02,C05,4900.00
2021.4601,31/03/2022,NDP,6.50,W03,C02,3185.00
2021.4601,31/03/2022,NKM,1.50,W03,C02,735.00
2021.4601,31/03/2022,MKU,17.00,W01,C02,8330.00
2021.4601,31/03/2022,BHS,70.00,W02,C02,34300.00
2021.4601,31/03/2022,JSC,19.00,W02,C02,9310.00
2021.4601,31/03/2022,DIP,3.50,W02,C02,1715.00
2021.4601,31/03/2022,MBT,9.50,W02,C02,4655.00
2021.4601,31/03/2022,JDC,12.00,W02,C02,5880.00
2021.4601,31/03/2022,DGP,49.00,W02,C02,24010.00
2021.4601,31/03/2022,DRM,17.00,W02,C02,8330.00
2021.4601,31/03/2022,NDP,6.00,W03,C01,2940.00
2021.4601,31/03/2022,SAS,1.00,W02,C01,490.00
2021.4601,31/03/2022,MBT,9.50,W02,C01,4655.00
2021.4601,31/03/2022,JDC,16.50,W02,C01,8085.00
2021.4601,31/03/2022,BDC,43.00,W02,C01,21070.00
2021.4601,31/03/2022,ABP,19.00,W02,C01,9310.00
2021.4601,31/03/2022,MGP,25.50,W02,C01,12495.00
2021.4601,31/03/2022,MRP,34.00,W02,C01,16660.00
2021.4601,31/03/2022,NDP,3.50,W03,F01,1715.00
2021.4601,31/03/2022,MBT,2.50,W02,F01,1225.00
2021.4601,31/03/2022,JDC,3.50,W02,F01,1715.00
2021.4601,31/03/2022,BHS,10.00,W02,D07,4900.00
2021.4601,31/03/2022,BDC,29.50,W02,D07,14455.00
2021.4601,31/03/2022,DGP,8.50,W02,D07,4165.00
2021.4601,31/03/2022,MGP,17.00,W02,D07,8330.00
2021.4601,31/03/2022,MRP,17.00,W02,D07,8330.00
2021.4601,31/03/2022,STJ,10.50,A02,Z01,9712.50
2021.4601,31/03/2022,RSP,0.50,A01,Z01,462.50
2021.4602,31/03/2022,NDP,20.00,W03,D01,9800.00
2021.4602,31/03/2022,NKM,3.50,W03,D01,1715.00
2021.4602,31/03/2022,PRB,130.00,W02,D01,63700.00
2021.4602,31/03/2022,ALG,97.00,W02,D01,47530.00
2021.4602,31/03/2022,GAN,17.00,W02,D01,8330.00
2021.4602,31/03/2022,HAC,8.50,W02,D01,4165.00
2021.4602,31/03/2022,MVS,8.00,W02,D01,3920.00
2021.4602,31/03/2022,MBT,8.00,W02,D01,3920.00
2021.4602,31/03/2022,JDC,8.00,W02,D01,3920.00
2021.4602,31/03/2022,NPB,12.50,W03,D01,6125.00
2021.4602,31/03/2022,NMN,27.50,W02,D01,13475.00
2021.4602,31/03/2022,ACM,3.00,W01,D01,1470.00
2021.4602,31/03/2022,VGR,27.00,W02,D01,13230.00
2021.4602,31/03/2022,MBR,8.50,W02,D01,4165.00
2021.4602,31/03/2022,GBM,27.00,W02,D01,13230.00
2021.4602,31/03/2022,HMM,117.50,W02,D01,57575.00
2021.4602,31/03/2022,NJP,21.00,W02,D01,10290.00
2021.4602,31/03/2022,SVC,106.00,W02,D01,51940.00
2021.4602,31/03/2022,SCC,38.00,W02,D01,18620.00
2021.4602,31/03/2022,BDC,11.50,W02,D01,5635.00
2021.4602,31/03/2022,JND,1.50,W03,D01,735.00
2021.4602,31/03/2022,RRP,8.00,W02,D01,3920.00
2021.4602,31/03/2022,SLP,37.00,W02,D01,18130.00
2021.4602,31/03/2022,JBT,42.00,W02,D01,20580.00
2021.4602,31/03/2022,IAP,8.50,W01,G02,4165.00
2021.4602,31/03/2022,AJP,4.00,A02,Z01,3700.00
2021.4602,31/03/2022,NSN,4.00,A02,Z01,3700.00
2021.4602,31/03/2022,PKM,8.00,A05,Z01,7400.00
2021.4602,31/03/2022,RRS,1.00,A05,Z01,925.00
2021.4604,31/03/2022,DBG,12.00,A01,Z01,11100.00
2021.4604,31/03/2022,RSP,20.00,A01,Z01,18500.00
2021.4604,31/03/2022,AMG,84.00,A01,Z01,77700.00
2021.4604,31/03/2022,VAY,70.00,A01,Z01,64750.00
2021.4609,31/03/2022,AMG,7.00,A01,Z01,6475.00
2021.4609,31/03/2022,VAY,7.00,A01,Z01,6475.00
2021.4613,31/03/2022,JND,2.50,W03,D01,1225.00
2021.4613,31/03/2022,SJR,25.50,W03,D01,12495.00
2021.4613,31/03/2022,DBG,7.50,A01,Z01,6937.50
2021.4613,31/03/2022,HMP,1.00,A05,Z01,925.00
2021.4613,31/03/2022,KPB,7.00,A01,Z01,6475.00
2021.4613,31/03/2022,PKM,1.00,A05,Z01,925.00
2021.4613,31/03/2022,SSS,8.00,A01,Z01,7400.00
2021.4614,31/03/2022,NDP,5.00,W03,D01,2450.00
2021.4614,31/03/2022,HAP,1.50,W03,D01,735.00
2021.4614,31/03/2022,JBP,42.50,W01,D01,20825.00
2021.4614,31/03/2022,BIP,152.00,W01,D01,74480.00
2021.4614,31/03/2022,SFP,73.00,W01,D01,35770.00
2021.4614,31/03/2022,DUD,25.50,W01,D01,12495.00
2021.4614,31/03/2022,TNS,27.50,W02,D01,13475.00
2021.4614,31/03/2022,KAS,8.50,W02,D01,4165.00
2021.4614,31/03/2022,ASP,80.00,W02,D01,39200.00
2021.4614,31/03/2022,VPR,141.50,W02,D01,69335.00
2021.4614,31/03/2022,SMR,64.00,W02,D01,31360.00
2021.4614,31/03/2022,MEP,27.50,W02,D01,13475.00
2021.4614,31/03/2022,JIP,97.00,W02,D01,47530.00
2021.4614,31/03/2022,JPW,29.00,W02,D01,14210.00
2021.4614,31/03/2022,HAC,47.50,W02,D01,23275.00
2021.4614,31/03/2022,JSC,10.50,W02,D01,5145.00
2021.4614,31/03/2022,MVS,8.50,W02,D01,4165.00
2021.4614,31/03/2022,DRV,25.50,W02,D01,12495.00
2021.4614,31/03/2022,NPB,13.50,W03,D01,6615.00
2021.4614,31/03/2022,ART,42.50,W02,D01,20825.00
2021.4614,31/03/2022,NMN,51.00,W02,D01,24990.00
2021.4614,31/03/2022,SRG,36.50,W02,D01,17885.00
2021.4614,31/03/2022,KRP,13.00,W03,D01,6370.00
2021.4614,31/03/2022,VGR,29.50,W02,D01,14455.00
2021.4614,31/03/2022,GBM,9.50,W02,D01,4655.00
2021.4614,31/03/2022,SVC,34.00,W02,D01,16660.00
2021.4614,31/03/2022,HMC,27.50,W02,D01,13475.00
2021.4614,31/03/2022,PJC,99.50,W02,D01,42287.50
2021.4614,31/03/2022,RRP,29.50,W02,D01,14455.00
2021.4614,31/03/2022,ARP,8.50,W02,D01,4165.00
2021.4614,31/03/2022,JBT,21.00,W02,D01,10290.00
2021.4614,31/03/2022,DGP,16.50,W02,D01,8085.00
2021.4614,31/03/2022,IRG,27.50,W02,D01,13475.00
2021.4614,31/03/2022,ASP,12.50,W02,J01,6125.00
2021.4614,31/03/2022,JSC,10.50,W02,J01,5145.00
2021.4614,31/03/2022,PJC,11.50,W02,J01,4887.50
2021.4614,31/03/2022,RRC,14.50,A05,Z01,13412.50
2021.4614,31/03/2022,VAY,8.50,A01,Z01,7862.50
2021.4614,31/03/2022,RRS,2.50,A05,Z01,2312.50
2021.4618,31/03/2022,SJR,16.00,W03,J01,7840.00
2021.4618,31/03/2022,SSS,10.00,A01,Z01,9250.00
2021.4620,31/03/2022,PKM,4.50,A05,Z01,4162.50
2021.4624,31/03/2022,NDP,4.00,W03,C05,1960.00
2021.4624,31/03/2022,HAP,1.00,W03,C05,490.00
2021.4624,31/03/2022,KAS,17.50,W02,C05,8575.00
2021.4624,31/03/2022,PRB,9.00,W02,C05,4410.00
2021.4624,31/03/2022,ALG,19.00,W02,C05,9310.00
2021.4624,31/03/2022,GAN,8.50,W02,C05,4165.00
2021.4624,31/03/2022,SAS,11.00,W02,C05,5390.00
2021.4624,31/03/2022,MBT,12.50,W02,C05,6125.00
2021.4624,31/03/2022,JDC,12.50,W02,C05,6125.00
2021.4624,31/03/2022,NPB,7.00,W03,C05,3430.00
2021.4624,31/03/2022,NMN,17.00,W02,C05,8330.00
2021.4624,31/03/2022,VGR,27.50,W02,C05,13475.00
2021.4624,31/03/2022,RSS,20.00,W02,C05,9800.00
2021.4624,31/03/2022,HMM,19.00,W02,C05,9310.00
2021.4624,31/03/2022,NJP,19.00,W02,C05,9310.00
2021.4624,31/03/2022,SVC,10.50,W02,C05,5145.00
2021.4624,31/03/2022,ARP,17.50,W02,C05,8575.00
2021.4624,31/03/2022,MRP,17.00,W02,C05,8330.00
2021.4624,31/03/2022,RRC,2.50,A05,Z01,2312.50
2021.4624,31/03/2022,PKM,1.00,A05,Z01,925.00
2021.4627,31/03/2022,SSS,8.00,A01,Z01,7400.00
2021.4627,31/03/2022,NDP,7.00,W03,D01,3430.00
2021.4627,31/03/2022,MKU,17.00,W01,D01,8330.00
2021.4627,31/03/2022,KAS,101.50,W02,D01,49735.00
2021.4627,31/03/2022,JSC,29.50,W02,D01,14455.00
2021.4627,31/03/2022,MVS,57.50,W02,D01,28175.00
2021.4627,31/03/2022,NPB,10.00,W03,D01,4900.00
2021.4627,31/03/2022,KRP,3.50,W03,D01,1715.00
2021.4627,31/03/2022,ARP,76.00,W02,D01,37240.00
2021.4627,31/03/2022,SJR,9.50,W03,D01,4655.00
2021.4627,31/03/2022,MGP,32.00,W02,D01,15680.00
2021.4627,31/03/2022,MRP,8.50,W02,D01,4165.00
2021.4630,31/03/2022,DBG,15.00,A01,Z01,13875.00
2021.4630,31/03/2022,PKM,8.00,A05,Z01,7400.00
2021.4630,31/03/2022,HAP,1.00,W03,D01,490.00
2021.4630,31/03/2022,KRP,4.00,W03,D01,1960.00
2021.4630,31/03/2022,JND,6.00,W03,D01,2940.00
2021.4634,31/03/2022,MGP,17.00,W02,D02,8330.00
2021.4634,31/03/2022,KKJ,20.00,A04,Z01,18500.00
2021.4636,31/03/2022,NDP,5.00,W03,D01,2450.00
2021.4636,31/03/2022,MKU,36.00,W01,D01,17640.00
2021.4636,31/03/2022,DUD,25.50,W01,D01,12495.00
2021.4636,31/03/2022,PAP,12.00,W02,D01,5880.00
2021.4636,31/03/2022,BHS,29.50,W02,D01,14455.00
2021.4636,31/03/2022,MEP,77.50,W02,D01,37975.00
2021.4636,31/03/2022,JIP,29.50,W02,D01,14455.00
2021.4636,31/03/2022,MUP,6.00,W02,D01,2940.00
2021.4636,31/03/2022,GAN,12.50,W02,D01,6125.00
2021.4636,31/03/2022,JSC,58.00,W02,D01,28420.00
2021.4636,31/03/2022,DRV,18.50,W02,D01,9065.00
2021.4636,31/03/2022,NPB,18.50,W03,D01,9065.00
2021.4636,31/03/2022,NMN,30.50,W02,D01,14945.00
2021.4636,31/03/2022,SRG,100.50,W02,D01,49245.00
2021.4636,31/03/2022,KRP,10.00,W03,D01,4900.00
2021.4636,31/03/2022,VGR,61.50,W02,D01,30135.00
2021.4636,31/03/2022,NJP,58.50,W02,D01,28665.00
2021.4636,31/03/2022,SVC,27.50,W02,D01,13475.00
2021.4636,31/03/2022,SCC,40.50,W02,D01,19845.00
2021.4636,31/03/2022,ABP,10.50,W02,D01,5145.00
2021.4636,31/03/2022,JBT,31.50,W02,D01,15435.00
2021.4636,31/03/2022,NSM,44.50,W02,D01,21805.00
2021.4636,31/03/2022,DGP,28.50,W02,D01,13965.00
2021.4636,31/03/2022,AMG,20.00,A01,Z01,18500.00
2021.4636,31/03/2022,NSN,10.00,A02,Z01,9250.00
2021.4636,31/03/2022,VAY,42.50,A01,Z01,39312.50
2021.4639,31/03/2022,KKJ,4.00,A04,Z01,3700.00
2021.4639,31/03/2022,NDP,3.50,W03,D01,1715.00
2021.4640,31/03/2022,JND,15.00,W03,D01,7350.00
2021.4640,31/03/2022,NKM,0.50,W03,G03,245.00
2021.4640,31/03/2022,JND,1.50,W03,G03,735.00
2021.4640,31/03/2022,ACM,4.50,W01,C05,2205.00
2021.4640,31/03/2022,ACM,4.50,W01,C02,2205.00
2021.4640,31/03/2022,JND,1.50,W03,G02,735.00
2021.4640,31/03/2022,AJP,40.00,A02,Z01,37000.00
2021.4640,31/03/2022,STJ,12.50,A02,Z01,11562.50
2021.4640,31/03/2022,RRC,7.50,A05,Z01,6937.50
2021.4640,31/03/2022,RSP,3.00,A01,Z01,2775.00
2021.4640,31/03/2022,NJS,11.50,A02,Z01,10637.50
2021.4640,31/03/2022,APD,16.50,A01,Z01,15262.50
2021.4640,31/03/2022,AMG,2.00,A01,Z01,1850.00
2021.4640,31/03/2022,HMP,13.50,A05,Z01,12487.50
2021.4640,31/03/2022,NSN,25.00,A02,Z01,23125.00
2021.4640,31/03/2022,PKM,6.00,A05,Z01,5550.00
2021.4640,31/03/2022,RRS,6.50,A05,Z01,6012.50
2021.4642,31/03/2022,DBG,30.00,A01,Z01,27750.00
2021.4642,31/03/2022,AJP,70.00,A02,Z01,64750.00
2021.4642,31/03/2022,DBP,30.00,A02,Z01,27750.00
2021.4642,31/03/2022,RSP,3.00,A01,Z01,2775.00
2021.4642,31/03/2022,NJS,10.00,A02,Z01,9250.00
2021.4642,31/03/2022,AMG,7.50,A01,Z01,6937.50
2021.4642,31/03/2022,HNG,40.00,A02,Z01,37000.00
2021.4642,31/03/2022,KPB,7.00,A01,Z01,6475.00
2021.4642,31/03/2022,PKM,1.00,A05,Z01,925.00
2021.4642,31/03/2022,SSS,10.00,A01,Z01,9250.00
2021.4642,31/03/2022,NDP,34.00,W03,D01,16660.00
2021.4642,31/03/2022,HAP,2.00,W03,D01,980.00
2021.4642,31/03/2022,JBP,106.00,W01,D01,51940.00
2021.4642,31/03/2022,BIP,42.50,W01,D01,20825.00
2021.4642,31/03/2022,IAP,21.00,W01,D01,10290.00
2021.4642,31/03/2022,SFP,35.00,W01,D01,17150.00
2021.4642,31/03/2022,DUD,17.00,W01,D01,8330.00
2021.4642,31/03/2022,ASP,10.50,W02,D01,5145.00
2021.4642,31/03/2022,VPR,106.00,W02,D01,51940.00
2021.4642,31/03/2022,MEP,63.00,W02,D01,30870.00
2021.4642,31/03/2022,JIP,40.50,W02,D01,19845.00
2021.4642,31/03/2022,MUP,29.00,W02,D01,14210.00
2021.4642,31/03/2022,GAN,39.50,W02,D01,19355.00
2021.4642,31/03/2022,HAC,117.00,W02,D01,57330.00
2021.4642,31/03/2022,MVS,82.50,W02,D01,40425.00
2021.4642,31/03/2022,JNV,69.50,W02,D01,34055.00
2021.4642,31/03/2022,DRV,25.00,W02,D01,12250.00
2021.4642,31/03/2022,NPB,19.00,W03,D01,9310.00
2021.4642,31/03/2022,ART,8.50,W02,D01,4165.00
2021.4642,31/03/2022,SRG,57.00,W02,D01,27930.00
2021.4642,31/03/2022,KRP,18.50,W03,D01,9065.00
2021.4642,31/03/2022,VGR,32.50,W02,D01,15925.00
2021.4642,31/03/2022,RSS,52.00,W02,D01,25480.00
2021.4642,31/03/2022,MBR,25.00,W02,D01,12250.00
2021.4642,31/03/2022,GBM,54.00,W02,D01,26460.00
2021.4642,31/03/2022,GSR,7.50,W02,D01,3675.00
2021.4642,31/03/2022,HMM,8.00,W02,D01,3920.00
2021.4642,31/03/2022,NJP,32.50,W02,D01,15925.00
2021.4642,31/03/2022,HMC,16.00,W02,D01,7840.00
2021.4642,31/03/2022,PJC,58.50,W02,D01,24862.50
2021.4642,31/03/2022,BDC,35.50,W02,D01,17395.00
2021.4642,31/03/2022,RRP,67.50,W02,D01,33075.00
2021.4642,31/03/2022,SLP,82.50,W02,D01,40425.00
2021.4642,31/03/2022,ABP,27.50,W02,D01,13475.00
2021.4642,31/03/2022,JBT,88.50,W02,D01,43365.00
2021.4642,31/03/2022,NSM,8.50,W02,D01,4165.00
2021.4642,31/03/2022,KSM,31.50,W02,D01,15435.00
2021.4642,31/03/2022,SJR,13.00,W03,D01,6370.00
2021.4642,31/03/2022,MGP,25.50,W02,D01,12495.00
2021.4642,31/03/2022,MRP,25.50,W02,D01,12495.00
2021.4642,31/03/2022,RIG,34.00,W02,D01,16660.00
2021.4642,31/03/2022,DRV,40.00,W02,G03,19600.00
2021.4642,31/03/2022,RSS,22.00,W02,G02,10780.00
2021.4643,31/03/2022,SAC,25.50,W02,C06,12495.00
2021.4643,31/03/2022,JSC,14.50,W02,C06,7105.00
2021.4643,31/03/2022,MVS,8.50,W02,C06,4165.00
2021.4643,31/03/2022,GBM,11.50,W02,C06,5635.00
2021.4643,31/03/2022,GSR,30.50,W02,C06,14945.00
2021.4643,31/03/2022,HMC,8.50,W02,C06,4165.00
2021.4643,31/03/2022,HMP,14.50,A05,Z01,13412.50
2021.4643,31/03/2022,PKM,1.00,A05,Z01,925.00
2021.4643,31/03/2022,HDV,8.50,A05,Z01,7862.50
2021.4650,31/03/2022,HAP,4.00,W03,D01,1960.00
2021.4650,31/03/2022,PAP,8.00,W02,D01,3920.00
2021.4650,31/03/2022,GAN,8.00,W02,D01,3920.00
2021.4650,31/03/2022,KRP,6.00,W03,D01,2940.00
2021.4650,31/03/2022,JND,17.50,W03,D01,8575.00
2021.4650,31/03/2022,NSM,10.50,W02,D01,5145.00
2021.4650,31/03/2022,STJ,6.50,A02,Z01,6012.50
2021.4650,31/03/2022,RRC,1.00,A05,Z01,925.00
2021.4650,31/03/2022,PRM,6.00,A01,Z01,5550.00
2021.4650,31/03/2022,RSP,0.50,A01,Z01,462.50
2021.4650,31/03/2022,AMG,2.00,A01,Z01,1850.00
2021.4650,31/03/2022,PKM,11.00,A05,Z01,10175.00
2021.4650,31/03/2022,HAP,0.50,W03,D02,245.00
2021.4650,31/03/2022,DIP,1.00,W02,D02,490.00
2021.4651,31/03/2022,HAP,4.00,W03,D01,1960.00
2021.4651,31/03/2022,PAP,29.50,W02,D01,14455.00
2021.4651,31/03/2022,JND,14.50,W03,D01,7105.00
2021.4651,31/03/2022,RRC,1.00,A05,Z01,925.00
2021.4651,31/03/2022,PRM,6.00,A01,Z01,5550.00
2021.4651,31/03/2022,RSP,0.50,A01,Z01,462.50
2021.4651,31/03/2022,AMG,2.00,A01,Z01,1850.00
2021.4651,31/03/2022,PKM,14.00,A05,Z01,12950.00
2021.4651,31/03/2022,HAP,1.00,W03,D02,490.00
2021.4651,31/03/2022,DIP,1.00,W02,D02,490.00
2021.4651,31/03/2022,KRP,7.50,W03,D02,3675.00
2021.4652,31/03/2022,JND,5.50,W03,E04,2695.00
2021.4652,31/03/2022,APD,17.50,A01,Z01,16187.50
2021.4652,31/03/2022,AMG,2.00,A01,Z01,1850.00
2021.4658,31/03/2022,KKJ,10.00,A04,Z01,9250.00
2021.4664,31/03/2022,IAP,71.50,W01,D02,35035.00
2021.4664,31/03/2022,SFP,29.50,W01,D02,14455.00
2021.4664,31/03/2022,TNS,29.50,W02,D02,14455.00
2021.4664,31/03/2022,ASP,27.00,W02,D02,13230.00
2021.4664,31/03/2022,PRB,7.00,W02,D02,3430.00
2021.4664,31/03/2022,JPW,51.50,W02,D02,25235.00
2021.4664,31/03/2022,NPB,9.00,W03,D02,4410.00
2021.4664,31/03/2022,KRP,2.50,W03,D02,1225.00
2021.4664,31/03/2022,HMM,7.00,W02,D02,3430.00
2021.4664,31/03/2022,PJC,15.50,W02,D02,6587.50
2021.4664,31/03/2022,SCC,18.00,W02,D02,8820.00
2021.4664,31/03/2022,NSM,8.50,W02,D02,4165.00
2021.4664,31/03/2022,IRG,29.50,W02,D02,14455.00
2021.4664,31/03/2022,KKJ,16.00,A04,Z01,14800.00
2021.4664,31/03/2022,SSS,10.00,A01,Z01,9250.00
2021.4667,31/03/2022,TNS,55.00,W02,D01,26950.00
2021.4667,31/03/2022,PRB,33.00,W02,D01,16170.00
2021.4667,31/03/2022,NPB,8.00,W03,D01,3920.00
2021.4667,31/03/2022,KRP,8.50,W03,D01,4165.00
2021.4667,31/03/2022,HMC,17.00,W02,D01,8330.00
2021.4667,31/03/2022,NSM,2.50,W02,D01,1225.00
2021.4667,31/03/2022,IRG,54.00,W02,D01,26460.00
2021.4667,31/03/2022,SSS,10.00,A01,Z01,9250.00
2021.4668,31/03/2022,BGM,17.00,A01,Z01,15725.00
2021.4668,31/03/2022,RRC,4.50,A05,Z01,4162.50
2021.4668,31/03/2022,RSP,0.50,A01,Z01,462.50
2021.4668,31/03/2022,NSN,25.50,A02,Z01,23587.50
2021.4668,31/03/2022,PKM,13.50,A05,Z01,12487.50
2021.4668,31/03/2022,RRS,1.00,A05,Z01,925.00
2021.4669,31/03/2022,NKM,5.50,W03,H01,2695.00
2021.4669,31/03/2022,SAS,41.50,W02,H01,20335.00
2021.4669,31/03/2022,DIP,10.00,W02,H01,4900.00
2021.4669,31/03/2022,ACM,52.00,W01,H01,25480.00
2021.4669,31/03/2022,JND,5.50,W03,D01,2695.00
2021.4669,31/03/2022,SAS,1.50,W02,C05,735.00
2021.4669,31/03/2022,DIP,1.00,W02,C05,490.00
2021.4669,31/03/2022,JND,5.50,W03,C05,2695.00
2021.4669,31/03/2022,DIP,4.50,W02,H02,2205.00
2021.4669,31/03/2022,ACM,20.50,W01,H02,10045.00
2021.4669,31/03/2022,BGM,37.50,A01,Z01,34687.50
2021.4669,31/03/2022,RRC,12.00,A05,Z01,11100.00
2021.4669,31/03/2022,RSP,1.00,A01,Z01,925.00
2021.4669,31/03/2022,AMG,2.00,A01,Z01,1850.00
2021.4669,31/03/2022,HMP,1.00,A05,Z01,925.00
2021.4669,31/03/2022,SAA,7.00,A02,Z01,6475.00
2021.4669,31/03/2022,KPB,10.00,A01,Z01,9250.00
2021.4669,31/03/2022,PKM,12.00,A05,Z01,11100.00
2021.4669,31/03/2022,RRS,6.00,A05,Z01,5550.00
2021.4669,31/03/2022,HDV,36.00,A05,Z01,33300.00
2021.4672,31/03/2022,JND,7.50,W03,C05,3675.00
2021.4672,31/03/2022,JND,10.50,W03,C04,5145.00
2021.4672,31/03/2022,DBG,45.00,A01,Z01,41625.00
2021.4672,31/03/2022,RRC,10.50,A05,Z01,9712.50
2021.4672,31/03/2022,DBP,50.00,A02,Z01,46250.00
2021.4672,31/03/2022,NAM,50.00,A02,Z01,46250.00
2021.4672,31/03/2022,RSP,6.00,A01,Z01,5550.00
2021.4672,31/03/2022,AMG,10.00,A01,Z01,9250.00
2021.4672,31/03/2022,KPB,7.00,A01,Z01,6475.00
2021.4672,31/03/2022,PKM,9.00,A05,Z01,8325.00
2021.4672,31/03/2022,RRS,51.50,A05,Z01,47637.50
2021.4675,31/03/2022,DIP,3.50,W02,D01,1715.00
2021.4677,31/03/2022,IAP,39.50,W01,D01,19355.00
2021.4677,31/03/2022,BHS,53.00,W02,D01,25970.00
2021.4677,31/03/2022,NPB,6.00,W03,D01,2940.00
2021.4677,31/03/2022,RRP,15.50,W02,D01,7595.00
2021.4677,31/03/2022,DGP,57.00,W02,D01,27930.00
2021.4677,31/03/2022,KKJ,14.00,A04,Z01,12950.00
2021.4680,31/03/2022,NDP,7.00,W03,D02,3430.00
2021.4680,31/03/2022,IAP,38.00,W01,D02,18620.00
2021.4680,31/03/2022,SAC,17.00,W02,D02,8330.00
2021.4680,31/03/2022,NPB,6.50,W03,D02,3185.00
2021.4680,31/03/2022,KRP,21.00,W03,D02,10290.00
2021.4680,31/03/2022,CAP,35.00,W02,D02,17150.00
2021.4680,31/03/2022,RSS,10.50,W02,D02,5145.00
2021.4680,31/03/2022,GSR,8.50,W02,D02,4165.00
2021.4680,31/03/2022,KSM,33.00,W02,D02,16170.00
2021.4680,31/03/2022,SJR,19.50,W03,D02,9555.00
2021.4680,31/03/2022,DBG,15.00,A01,Z01,13875.00
2021.4680,31/03/2022,NAM,42.00,A02,Z01,38850.00
2021.4680,31/03/2022,KPB,15.00,A01,Z01,13875.00
2021.4680,31/03/2022,SSS,10.00,A01,Z01,9250.00
2022.4682,31/03/2022,NDP,8.50,W03,C01,4165.00
2022.4682,31/03/2022,HAP,17.00,W03,C01,8330.00
2022.4682,31/03/2022,NKM,24.00,W03,C01,11760.00
2022.4682,31/03/2022,JBP,13.00,W01,C01,6370.00
2022.4682,31/03/2022,BIP,8.50,W01,C01,4165.00
2022.4682,31/03/2022,IAP,8.50,W01,C01,4165.00
2022.4682,31/03/2022,SFP,28.00,W01,C01,13720.00
2022.4682,31/03/2022,DUD,51.00,W01,C01,24990.00
2022.4682,31/03/2022,TNS,42.50,W02,C01,20825.00
2022.4682,31/03/2022,KAS,19.00,W02,C01,9310.00
2022.4682,31/03/2022,ASP,13.00,W02,C01,6370.00
2022.4682,31/03/2022,PAP,20.00,W02,C01,9800.00
2022.4682,31/03/2022,VPR,25.50,W02,C01,12495.00
2022.4682,31/03/2022,SMR,140.50,W02,C01,68845.00
2022.4682,31/03/2022,PRB,11.50,W02,C01,5635.00
2022.4682,31/03/2022,SAC,1.50,W02,C01,735.00
2022.4682,31/03/2022,BHS,8.50,W02,C01,4165.00
2022.4682,31/03/2022,MEP,39.00,W02,C01,19110.00
2022.4682,31/03/2022,BBJ,8.50,W02,C01,4165.00
2022.4682,31/03/2022,JIP,30.00,W02,C01,14700.00
2022.4682,31/03/2022,MUP,19.50,W02,C01,9555.00
2022.4682,31/03/2022,JPW,14.50,W02,C01,7105.00
2022.4682,31/03/2022,GAN,21.50,W02,C01,10535.00
2022.4682,31/03/2022,HAC,20.50,W02,C01,10045.00
2022.4682,31/03/2022,JSC,8.50,W02,C01,4165.00
2022.4682,31/03/2022,SAS,17.00,W02,C01,8330.00
2022.4682,31/03/2022,DIP,19.50,W02,C01,9555.00
2022.4682,31/03/2022,MVS,18.50,W02,C01,9065.00
2022.4682,31/03/2022,JNV,103.00,W02,C01,50470.00
2022.4682,31/03/2022,DRV,11.00,W02,C01,5390.00
2022.4682,31/03/2022,MBT,31.00,W02,C01,15190.00
2022.4682,31/03/2022,JDC,30.00,W02,C01,14700.00
2022.4682,31/03/2022,ART,32.00,W02,C01,15680.00
2022.4682,31/03/2022,NMN,90.50,W02,C01,44345.00
2022.4682,31/03/2022,SRG,10.50,W02,C01,5145.00
2022.4682,31/03/2022,ACM,3.50,W01,C01,1715.00
2022.4682,31/03/2022,KRP,15.50,W03,C01,7595.00
2022.4682,31/03/2022,CAP,28.00,W02,C01,13720.00
2022.4682,31/03/2022,VGR,1.00,W02,C01,490.00
2022.4682,31/03/2022,RSS,52.00,W02,C01,25480.00
2022.4682,31/03/2022,PAM,144.50,W02,C01,70805.00
2022.4682,31/03/2022,MBR,53.00,W02,C01,25970.00
2022.4682,31/03/2022,GBM,13.00,W02,C01,6370.00
2022.4682,31/03/2022,GSR,15.50,W02,C01,7595.00
2022.4682,31/03/2022,HMM,18.00,W02,C01,8820.00
2022.4682,31/03/2022,NJP,17.00,W02,C01,8330.00
2022.4682,31/03/2022,SVC,31.50,W02,C01,15435.00
2022.4682,31/03/2022,HMC,45.00,W02,C01,22050.00
2022.4682,31/03/2022,PJC,19.00,W02,C01,8075.00
2022.4682,31/03/2022,SCC,42.50,W02,C01,20825.00
2022.4682,31/03/2022,BDC,11.00,W02,C01,5390.00
2022.4682,31/03/2022,JND,17.00,W03,C01,8330.00
2022.4682,31/03/2022,RRP,66.00,W02,C01,32340.00
2022.4682,31/03/2022,ARP,53.50,W02,C01,26215.00
2022.4682,31/03/2022,SLP,20.50,W02,C01,10045.00
2022.4682,31/03/2022,ABP,3.50,W02,C01,1715.00
2022.4682,31/03/2022,JBT,4.50,W02,C01,2205.00
2022.4682,31/03/2022,NSM,23.00,W02,C01,11270.00
2022.4682,31/03/2022,DGP,21.50,W02,C01,10535.00
2022.4682,31/03/2022,KSM,13.00,W02,C01,6370.00
2022.4682,31/03/2022,IRG,36.00,W02,C01,17640.00
2022.4682,31/03/2022,MGP,12.50,W02,C01,6125.00
2022.4682,31/03/2022,MRP,27.50,W02,C01,13475.00
2022.4682,31/03/2022,RIG,17.00,W02,C01,8330.00
2022.4682,31/03/2022,DRM,25.50,W02,C01,12495.00
2022.4682,31/03/2022,KKJ,4.00,A04,Z01,3700.00
2022.4682,31/03/2022,DBG,8.50,A01,Z01,7862.50
2022.4682,31/03/2022,AJP,30.00,A02,Z01,27750.00
2022.4682,31/03/2022,STJ,18.50,A02,Z01,17112.50
2022.4682,31/03/2022,MJG,34.00,A04,Z01,31450.00
2022.4682,31/03/2022,DBP,22.00,A02,Z01,20350.00
2022.4682,31/03/2022,ASV,59.50,A04,Z01,55037.50
2022.4682,31/03/2022,PRM,153.50,A01,Z01,141987.50
2022.4682,31/03/2022,NAM,14.00,A02,Z01,12950.00
2022.4682,31/03/2022,RSP,23.00,A01,Z01,21275.00
2022.4682,31/03/2022,YSS,38.00,A02,Z01,19000.00
2022.4682,31/03/2022,NJS,23.00,A02,Z01,21275.00
2022.4682,31/03/2022,HMP,9.00,A05,Z01,8325.00
2022.4682,31/03/2022,NSN,13.00,A02,Z01,12025.00
2022.4682,31/03/2022,HNG,21.50,A02,Z01,19887.50
2022.4682,31/03/2022,VAY,8.50,A01,Z01,7862.50
2022.4682,31/03/2022,SAA,1.50,A02,Z01,1387.50
2022.4682,31/03/2022,KPB,1.50,A01,Z01,1387.50
2022.4682,31/03/2022,PKM,8.50,A05,Z01,7862.50
2022.4682,31/03/2022,SSS,34.00,A01,Z01,31450.00
2022.4682,31/03/2022,HDV,8.50,A05,Z01,7862.50
2022.4683,31/03/2022,NKM,35.50,W03,C02,17395.00
2022.4683,31/03/2022,KRP,22.00,W03,C02,10780.00
2022.4683,31/03/2022,SAS,4.50,W02,C03,2205.00
2022.4683,31/03/2022,DIP,0.50,W02,C03,245.00
2022.4683,31/03/2022,KKJ,3.00,A04,Z01,2775.00
2022.4683,31/03/2022,DBG,22.50,A01,Z01,20812.50
2022.4683,31/03/2022,AJP,38.50,A02,Z01,35612.50
2022.4683,31/03/2022,STJ,21.50,A02,Z01,19887.50
2022.4683,31/03/2022,MJG,25.50,A04,Z01,23587.50
2022.4683,31/03/2022,RRC,66.50,A05,Z01,61512.50
2022.4683,31/03/2022,DBP,93.50,A02,Z01,86487.50
2022.4683,31/03/2022,ASV,38.00,A04,Z01,35150.00
2022.4683,31/03/2022,PRM,0.50,A01,Z01,462.50
2022.4683,31/03/2022,NAM,10.00,A02,Z01,9250.00
2022.4683,31/03/2022,RSP,54.50,A01,Z01,50412.50
2022.4683,31/03/2022,YSS,80.00,A02,Z01,40000.00
2022.4683,31/03/2022,NJS,20.50,A02,Z01,18962.50
2022.4683,31/03/2022,APD,61.00,A01,Z01,56425.00
2022.4683,31/03/2022,AMG,5.00,A01,Z01,4625.00
2022.4683,31/03/2022,VVG,119.00,A04,Z01,110075.00
2022.4683,31/03/2022,HMP,38.00,A05,Z01,35150.00
2022.4683,31/03/2022,NSN,40.00,A02,Z01,37000.00
2022.4683,31/03/2022,HNG,54.00,A02,Z01,49950.00
2022.4683,31/03/2022,MKT,21.50,A04,Z01,19887.50
2022.4683,31/03/2022,SAA,18.00,A02,Z01,16650.00
2022.4683,31/03/2022,KPB,29.00,A01,Z01,26825.00
2022.4683,31/03/2022,PKM,47.00,A05,Z01,43475.00
2022.4683,31/03/2022,RRS,89.00,A05,Z01,82325.00
2022.4683,31/03/2022,HDV,55.00,A05,Z01,50875.00
2022.4683,31/03/2022,NDP,11.50,W03,C05,5635.00
2022.4683,31/03/2022,NKM,31.00,W03,C05,15190.00
2022.4683,31/03/2022,MKU,34.00,W01,C05,16660.00
2022.4683,31/03/2022,JBP,17.00,W01,C05,8330.00
2022.4683,31/03/2022,SFP,8.00,W01,C05,3920.00
2022.4683,31/03/2022,KAS,8.50,W02,C05,4165.00
2022.4683,31/03/2022,PAP,78.00,W02,C05,38220.00
2022.4683,31/03/2022,ALG,44.50,W02,C05,21805.00
2022.4683,31/03/2022,BBJ,59.50,W02,C05,29155.00
2022.4683,31/03/2022,MUP,17.00,W02,C05,8330.00
2022.4683,31/03/2022,HAC,25.50,W02,C05,12495.00
2022.4683,31/03/2022,JSC,25.50,W02,C05,12495.00
2022.4683,31/03/2022,SAS,92.50,W02,C05,45325.00
2022.4683,31/03/2022,DIP,64.50,W02,C05,31605.00
2022.4683,31/03/2022,DRV,36.00,W02,C05,17640.00
2022.4683,31/03/2022,MBT,36.50,W02,C05,17885.00
2022.4683,31/03/2022,JDC,46.00,W02,C05,22540.00
2022.4683,31/03/2022,ART,107.50,W02,C05,52675.00
2022.4683,31/03/2022,SRG,8.50,W02,C05,4165.00
2022.4683,31/03/2022,ACM,80.50,W01,C05,39445.00
2022.4683,31/03/2022,KRP,4.00,W03,C05,1960.00
2022.4683,31/03/2022,CAP,92.50,W02,C05,45325.00
2022.4683,31/03/2022,VGR,7.50,W02,C05,3675.00
2022.4683,31/03/2022,RSS,42.50,W02,C05,20825.00
2022.4683,31/03/2022,MBR,21.00,W02,C05,10290.00
2022.4683,31/03/2022,GBM,21.00,W02,C05,10290.00
2022.4683,31/03/2022,GSR,8.00,W02,C05,3920.00
2022.4683,31/03/2022,NJP,8.50,W02,C05,4165.00
2022.4683,31/03/2022,HMC,35.50,W02,C05,17395.00
2022.4683,31/03/2022,SCC,8.50,W02,C05,4165.00
2022.4683,31/03/2022,BDC,38.00,W02,C05,18620.00
2022.4683,31/03/2022,RRP,8.50,W02,C05,4165.00
2022.4683,31/03/2022,ARP,25.50,W02,C05,12495.00
2022.4683,31/03/2022,ABP,58.00,W02,C05,28420.00
2022.4683,31/03/2022,JBT,8.50,W02,C05,4165.00
2022.4683,31/03/2022,NSM,44.00,W02,C05,21560.00
2022.4683,31/03/2022,KSM,89.00,W02,C05,43610.00
2022.4683,31/03/2022,IRG,8.50,W02,C05,4165.00
2022.4683,31/03/2022,MGP,49.00,W02,C05,24010.00
2022.4683,31/03/2022,MRP,57.50,W02,C05,28175.00
2022.4683,31/03/2022,RIG,144.50,W02,C05,70805.00
2022.4683,31/03/2022,DRM,153.00,W02,C05,74970.00
2022.4690,31/03/2022,NKM,1.00,W03,G01,490.00
2022.4690,31/03/2022,MBT,13.00,W02,G01,6370.00
2022.4690,31/03/2022,JDC,11.50,W02,G01,5635.00
2022.4690,31/03/2022,RRC,2.50,A05,Z01,2312.50
2022.4690,31/03/2022,RRS,5.50,A05,Z01,5087.50
2022.4693,31/03/2022,JND,8.50,W03,D01,4165.00
2022.4693,31/03/2022,RRC,18.50,A05,Z01,17112.50
2022.4693,31/03/2022,NAM,10.00,A02,Z01,9250.00
2022.4693,31/03/2022,RSP,3.00,A01,Z01,2775.00
2022.4693,31/03/2022,AMG,5.00,A01,Z01,4625.00
2022.4693,31/03/2022,HMP,37.00,A05,Z01,34225.00
2022.4693,31/03/2022,HNG,80.00,A02,Z01,74000.00
2022.4693,31/03/2022,VAY,8.50,A01,Z01,7862.50
2022.4693,31/03/2022,SAA,28.00,A02,Z01,25900.00
2022.4693,31/03/2022,PKM,2.00,A05,Z01,1850.00
2022.4703,31/03/2022,DUD,8.50,W01,E01,4165.00
2022.4703,31/03/2022,BHS,27.50,W02,E01,13475.00
2022.4703,31/03/2022,BBJ,48.50,W02,E01,23765.00
2022.4703,31/03/2022,JPW,38.00,W02,E01,18620.00
2022.4703,31/03/2022,NPB,3.00,W03,E01,1470.00
2022.4703,31/03/2022,ART,10.50,W02,E01,5145.00
2022.4703,31/03/2022,KRP,20.50,W03,E01,10045.00
2022.4703,31/03/2022,CAP,21.50,W02,E01,10535.00
2022.4703,31/03/2022,RSS,19.00,W02,E01,9310.00
2022.4703,31/03/2022,HMC,2.00,W02,E01,980.00
2022.4703,31/03/2022,SCC,75.50,W02,E01,36995.00
2022.4703,31/03/2022,BDC,26.50,W02,E01,12985.00
2022.4703,31/03/2022,SLP,63.50,W02,E01,31115.00
2022.4703,31/03/2022,ABP,8.00,W02,E01,3920.00
2022.4703,31/03/2022,DGP,29.50,W02,E01,14455.00
2022.4703,31/03/2022,KSM,24.00,W02,E01,11760.00
2022.4703,31/03/2022,MGP,17.00,W02,E01,8330.00
2022.4703,31/03/2022,MRP,8.50,W02,E01,4165.00
2022.4703,31/03/2022,RSP,1.00,A01,Z01,925.00
2022.4703,31/03/2022,AMG,20.00,A01,Z01,18500.00
2022.4703,31/03/2022,VAY,25.50,A01,Z01,23587.50
2022.4703,31/03/2022,SSS,10.00,A01,Z01,9250.00
2022.4704,31/03/2022,BGM,124.00,A01,Z01,114700.00
2022.4704,31/03/2022,STJ,61.50,A02,Z01,56887.50
2022.4704,31/03/2022,RRC,17.50,A05,Z01,16187.50
2022.4704,31/03/2022,NAM,10.00,A02,Z01,9250.00
2022.4704,31/03/2022,RSP,5.00,A01,Z01,4625.00
2022.4704,31/03/2022,NJS,80.00,A02,Z01,74000.00
2022.4704,31/03/2022,HMP,37.50,A05,Z01,34687.50
2022.4704,31/03/2022,SAA,7.00,A02,Z01,6475.00
2022.4704,31/03/2022,PKM,2.00,A05,Z01,1850.00
2022.4704,31/03/2022,RRS,13.00,A05,Z01,12025.00
2022.4704,31/03/2022,JND,1.00,W03,D01,490.00
2022.4704,31/03/2022,JND,0.50,W03,G03,245.00
2022.4704,31/03/2022,JND,0.50,W03,C01,245.00
2022.4704,31/03/2022,JND,2.00,W03,F01,980.00
2022.4705,31/03/2022,JND,1.00,W03,C03,490.00
2022.4705,31/03/2022,JND,1.00,W03,C02,490.00
2022.4705,31/03/2022,BGM,11.50,A01,Z01,10637.50
2022.4705,31/03/2022,AJP,13.00,A02,Z01,12025.00
2022.4705,31/03/2022,STJ,6.50,A02,Z01,6012.50
2022.4705,31/03/2022,RRC,12.50,A05,Z01,11562.50
2022.4705,31/03/2022,PRM,15.00,A01,Z01,13875.00
2022.4705,31/03/2022,RSP,3.00,A01,Z01,2775.00
2022.4705,31/03/2022,HMP,22.00,A05,Z01,20350.00
2022.4705,31/03/2022,SAA,60.00,A02,Z01,55500.00
2022.4705,31/03/2022,PKM,1.00,A05,Z01,925.00
2022.4705,31/03/2022,RRS,2.00,A05,Z01,1850.00
2022.4706,31/03/2022,STJ,3.50,A02,Z01,3237.50
2022.4706,31/03/2022,PRM,14.50,A01,Z01,13412.50
2022.4706,31/03/2022,HMP,18.50,A05,Z01,17112.50
2022.4706,31/03/2022,NSN,5.00,A02,Z01,4625.00
2022.4711,31/03/2022,JND,0.50,W03,G02,245.00
2022.4711,31/03/2022,PKM,2.00,A05,Z01,1850.00
2022.4712,31/03/2022,IAP,52.50,W01,D01,25725.00
2022.4712,31/03/2022,DRV,42.00,W02,D01,20580.00
2022.4712,31/03/2022,SJR,11.50,W03,D01,5635.00
2022.4712,31/03/2022,NAM,3.00,A02,Z01,2775.00
2022.4712,31/03/2022,PKM,10.00,A05,Z01,9250.00
2022.4712,31/03/2022,SSS,10.00,A01,Z01,9250.00
2022.4716,31/03/2022,PKM,2.00,A05,Z01,1850.00
2022.4718,31/03/2022,JND,14.50,W03,C06,7105.00
2022.4718,31/03/2022,JND,15.50,W03,C05,7595.00
2022.4718,31/03/2022,RSP,2.00,A01,Z01,1850.00
2022.4718,31/03/2022,NSN,43.50,A02,Z01,40237.50
2022.4719,31/03/2022,DIP,1.00,W02,C01,490.00
2022.4719,31/03/2022,JND,0.50,W03,C01,245.00
2022.4721,31/03/2022,DIP,1.00,W02,G02,490.00
2022.4721,31/03/2022,KKJ,12.00,A04,Z01,11100.00
2022.4721,31/03/2022,PKM,1.00,A05,Z01,925.00
2022.4722,31/03/2022,STJ,38.50,A02,Z01,35612.50
2022.4722,31/03/2022,NAM,56.50,A02,Z01,52262.50
2022.4722,31/03/2022,RSP,25.00,A01,Z01,23125.00
2022.4722,31/03/2022,YSS,77.50,A02,Z01,38750.00
2022.4722,31/03/2022,NJS,50.50,A02,Z01,46712.50
2022.4722,31/03/2022,NSN,29.50,A02,Z01,27287.50
2022.4722,31/03/2022,SAA,47.50,A02,Z01,43937.50
2022.4724,31/03/2022,ASV,8.50,A04,Z01,7862.50
2022.4730,31/03/2022,JND,0.50,W03,D01,245.00
2022.4732,31/03/2022,IAP,8.00,W01,G02,3920.00
2022.4732,31/03/2022,KKJ,9.00,A04,Z01,8325.00
2022.4734,31/03/2022,NKM,3.00,W03,G03,1470.00
2022.4734,31/03/2022,DIP,20.50,W02,G03,10045.00
2022.4734,31/03/2022,PKM,3.00,A05,Z01,2775.00
2022.4739,31/03/2022,JND,1.00,W03,D01,490.00
2022.4740,31/03/2022,PKM,6.00,A05,Z01,5550.00
2022.4741,31/03/2022,NKM,0.50,W03,G03,245.00
2022.4741,31/03/2022,DIP,6.00,W02,G03,2940.00
2022.4741,31/03/2022,PKM,2.00,A05,Z01,1850.00
